case_id,scac_company,filing_date,auto_candidate,decision,cik,note
105716,Broadcom Corporation,"August 14, 2015",BROADCOM,accept,1054374.0,"Broadcom Corp (pre-Avago entity, in universe FY2014); 2015 merger suit"
107485,Churchill Capital Corp III,"August 11, 2020",CHURCHILL CAPITAL CORP II,reject,,"different firm, or firm not in the 9-industry universe"
105672,"USA Technologies, Inc.","October 01, 2015",SAC TECHNOLOGIES,reject,,"different firm, or firm not in the 9-industry universe"
106730,"USA Technologies, Inc.","September 11, 2018",SAC TECHNOLOGIES,reject,,"different firm, or firm not in the 9-industry universe"
104548,"ICx Technologies, Inc.","September 09, 2010",MCX TECHNOLOGIES,reject,,"different firm, or firm not in the 9-industry universe"
105167,"Savient Pharmaceuticals, Inc.","January 15, 2014",SAGENT PHARMACEUTICALS,reject,,"different firm, or firm not in the 9-industry universe"
106232,B Communications Ltd.,"June 29, 2017",COMMUNICATIONS,reject,,"different firm, or firm not in the 9-industry universe"
108443,Taro Pharmaceutical Industries Ltd.,"September 09, 2024",TEVA PHARMACEUTICAL INDUSTRIES,reject,,"different firm, or firm not in the 9-industry universe"
106172,"Celadon Group, Inc.","April 19, 2017",CELLADON,reject,,"different firm, or firm not in the 9-industry universe"
105923,"Taro Pharmaceutical Industries, Ltd.","October 25, 2016",TEVA PHARMACEUTICAL INDUSTRIES,reject,,"different firm, or firm not in the 9-industry universe"
104904,"Tibet Pharmaceuticals, Inc.","May 25, 2012",TIMBER PHARMACEUTICALS,reject,,"different firm, or firm not in the 9-industry universe"
105676,"6D Global Technologies, Inc.","October 13, 2015",GLOBAL TECHNOLOGIES,reject,,"different firm, or firm not in the 9-industry universe"
107020,Livent Corporation,"May 22, 2019",LIVENTO,reject,,"different firm, or firm not in the 9-industry universe"
104780,"Allos Therapeutics, Inc.","July 21, 2011",ALIGOS THERAPEUTICS,reject,,"different firm, or firm not in the 9-industry universe"
106911,"SI Financial Group, Inc.","February 08, 2019",AI FINANCIAL,reject,,"different firm, or firm not in the 9-industry universe"
106610,"ARMO BioSciences, Inc.","May 24, 2018",HARMONY BIOSCIENCES,reject,,"different firm, or firm not in the 9-industry universe"
104692,Acxiom Corporation,"April 26, 2011",AXIOM,reject,,"different firm, or firm not in the 9-industry universe"
107540,"Wrap Technologies, Inc.","September 23, 2020",API TECHNOLOGIES,reject,,"different firm, or firm not in the 9-industry universe"
105741,"HeartWare International, Inc.","January 22, 2016",AIRWARE INTERNATIONAL,reject,,"different firm, or firm not in the 9-industry universe"
105873,"Heartware International, Inc.","August 08, 2016",AIRWARE INTERNATIONAL,reject,,"different firm, or firm not in the 9-industry universe"
108088,VBit Technologies Corp.,"February 13, 2023",GBT TECHNOLOGIES,reject,,"different firm, or firm not in the 9-industry universe"
106012,Harman International Industries Inc.,"January 13, 2017",AMERICAN INTERNATIONAL INDUSTRIES,reject,,"different firm, or firm not in the 9-industry universe"
107240,Baxter International Inc.,"November 25, 2019",BACTERIN INTERNATIONAL,reject,,"different firm, or firm not in the 9-industry universe"
108184,"Baxter International, Inc.","July 12, 2023",BACTERIN INTERNATIONAL,reject,,"different firm, or firm not in the 9-industry universe"
104559,Baxter International Inc.,"September 21, 2010",BACTERIN INTERNATIONAL,reject,,"different firm, or firm not in the 9-industry universe"
106040,Kitov Pharmaceuticals Holdings Ltd.,"February 07, 2017",KIORA PHARMACEUTICALS,reject,,"different firm, or firm not in the 9-industry universe"
108369,Cambium Networks Corporation,"May 22, 2024",CAVIUM NETWORKS,reject,,"different firm, or firm not in the 9-industry universe"
107339,NMC Health Plc,"March 10, 2020",NRC HEALTH,reject,,"different firm, or firm not in the 9-industry universe"
108011,"Discovery, Inc.","September 23, 2022",KLDISCOVERY,reject,,"different firm, or firm not in the 9-industry universe"
106285,"LRR Energy, L.P.","August 18, 2015",RRI ENERGY,reject,,"different firm, or firm not in the 9-industry universe"
108195,"Eos Energy Enterprises, Inc.","August 01, 2023",ZEO ENERGY,reject,,"different firm, or firm not in the 9-industry universe"
108224,"Lumen Technologies, Inc.","September 15, 2023",LUMINAR TECHNOLOGIES,reject,,"different firm, or firm not in the 9-industry universe"
106829,Arris International PLC,"December 06, 2018",ZAXIS INTERNATIONAL,reject,,"different firm, or firm not in the 9-industry universe"
106139,"Synutra International, Inc.","December 22, 2016",SRA INTERNATIONAL,reject,,"different firm, or firm not in the 9-industry universe"
105364,"Lentuo International, Inc.","March 13, 2015",ENDO INTERNATIONAL,reject,,"different firm, or firm not in the 9-industry universe"
105987,Southwestern Energy Company,"December 05, 2016",NORTHWESTERN ENERGY,reject,,"different firm, or firm not in the 9-industry universe"
107009,Jumia Technologies AG,"May 14, 2019",LUMINAR TECHNOLOGIES,reject,,"different firm, or firm not in the 9-industry universe"
108101,"Lumen Technologies, Inc.","March 03, 2023",LUMINAR TECHNOLOGIES,reject,,"different firm, or firm not in the 9-industry universe"
104594,RINO International Corporation,"November 12, 2010",RISKON INTERNATIONAL,reject,,"different firm, or firm not in the 9-industry universe"
105035,Exide Technologies,"April 15, 2013",PEPTIDE TECHNOLOGIES,reject,,"different firm, or firm not in the 9-industry universe"
104660,Radient Pharmaceuticals Corporation,"March 11, 2011",ADVENTRX PHARMACEUTICALS,reject,,"different firm, or firm not in the 9-industry universe"
105696,Eros International PLC,"November 13, 2015",ENDO INTERNATIONAL,reject,,"different firm, or firm not in the 9-industry universe"
104573,"Trubion Pharmaceuticals, Inc.","October 04, 2010",FUSION PHARMACEUTICALS,reject,,"different firm, or firm not in the 9-industry universe"
106885,Maxar Technologies Inc.,"January 14, 2019",MEARS TECHNOLOGIES,reject,,"different firm, or firm not in the 9-industry universe"
105357,TCP International Holdings Ltd.,"March 05, 2015",NATCO INTERNATIONAL,reject,,"different firm, or firm not in the 9-industry universe"
107101,"GTT Communications, Inc.","July 30, 2019",NTN COMMUNICATIONS,reject,,"different firm, or firm not in the 9-industry universe"
107059,Eros International PLC,"June 21, 2019",ENDO INTERNATIONAL,reject,,"different firm, or firm not in the 9-industry universe"
107100,Oasmia Pharmaceutical AB,"July 29, 2019",OSMOTICA PHARMACEUTICALS,reject,,"different firm, or firm not in the 9-industry universe"
107363,Hanmi Financial Corporation,"March 26, 2020",AI FINANCIAL,reject,,"different firm, or firm not in the 9-industry universe"
104863,"Metabolix, Inc.","February 17, 2012",METABOLEX,reject,,"different firm, or firm not in the 9-industry universe"
105243,VOXX International Corporation,"July 08, 2014",OXIS INTERNATIONAL,reject,,"different firm, or firm not in the 9-industry universe"
105622,QRxPharma LTD,"June 23, 2015",QR PHARMA,reject,,"different firm, or firm not in the 9-industry universe"
104606,"SMART Technologies, Inc.","December 03, 2010",MEARS TECHNOLOGIES,reject,,"different firm, or firm not in the 9-industry universe"
104736,"NESS TECHNOLOGIES, INC.","July 07, 2011",NETSOL TECHNOLOGIES,reject,,"different firm, or firm not in the 9-industry universe"
108589,NET Power Inc.,"April 18, 2025",NEXTPOWER,reject,,"different firm, or firm not in the 9-industry universe"
107609,"GTT Communications, Inc.","January 12, 2021",NTN COMMUNICATIONS,reject,,"different firm, or firm not in the 9-industry universe"
104699,"Gulf Resources, Inc.","April 29, 2011",AGL RESOURCES,reject,,"different firm, or firm not in the 9-industry universe"
105346,Telestone Technologies Corporation,"February 02, 2015",TELEDYNE TECHNOLOGIES,reject,,"different firm, or firm not in the 9-industry universe"
107258,Foamix Pharmaceuticals Ltd.,"December 11, 2019",AMPIO PHARMACEUTICALS,reject,,"different firm, or firm not in the 9-industry universe"
104810,"Anadys Pharmaceuticals, Inc.","November 11, 2011",ARENA PHARMACEUTICALS,reject,,"different firm, or firm not in the 9-industry universe"
106731,SodaStream International Ltd.,"September 13, 2018",ASTEA INTERNATIONAL,reject,,"different firm, or firm not in the 9-industry universe"
104821,"Raser Technologies, Inc.","November 29, 2011",ASN TECHNOLOGIES,reject,,"different firm, or firm not in the 9-industry universe"
107989,"Uber Technologies, Inc.","August 16, 2022",BETA TECHNOLOGIES,reject,,"different firm, or firm not in the 9-industry universe"
107890,"Pulse Biosciences, Inc.","February 16, 2022",PHASE BIOSCIENCES,reject,,"different firm, or firm not in the 9-industry universe"
106640,"Akers Biosciences, Inc.","June 13, 2018",ARCUS BIOSCIENCES,reject,,"different firm, or firm not in the 9-industry universe"
104500,"Axsys Technologies, Inc.","June 09, 2010",ASN TECHNOLOGIES,reject,,"different firm, or firm not in the 9-industry universe"
107187,"Uber Technologies, Inc.","October 04, 2019",BETA TECHNOLOGIES,reject,,"different firm, or firm not in the 9-industry universe"
105863,RiT Technologies Ltd.,"July 28, 2016",TRULI TECHNOLOGIES,reject,,"different firm, or firm not in the 9-industry universe"
107189,"Sonim Technologies, Inc.","October 07, 2019",ASN TECHNOLOGIES,reject,,"different firm, or firm not in the 9-industry universe"
108426,"Spire Global, Inc.","August 20, 2024",EMPIRE GLOBAL,reject,,"different firm, or firm not in the 9-industry universe"
107894,MP Materials Corp.,"February 22, 2022",CMC MATERIALS,reject,,"different firm, or firm not in the 9-industry universe"
108391,"Maxeon Solar Technologies, Ltd.","June 27, 2024",ASCENT SOLAR TECHNOLOGIES,reject,,"different firm, or firm not in the 9-industry universe"
105289,GT Advanced Technologies Inc.,"October 17, 2014",ALCO ADVANCED TECHNOLOGIES,reject,,"different firm, or firm not in the 9-industry universe"
107566,Innate Pharma S.A.,"October 23, 2020",INTEC PHARMA,reject,,"different firm, or firm not in the 9-industry universe"
104711,Logitech International SA,"May 23, 2011",OPTEC INTERNATIONAL,reject,,"different firm, or firm not in the 9-industry universe"
105083,Vocera Communications Inc.,"August 01, 2013",VGRAB COMMUNICATIONS,reject,,"different firm, or firm not in the 9-industry universe"
108324,Innoviz Technologies Ltd.,"March 15, 2024",INVIZYNE TECHNOLOGIES,reject,,"different firm, or firm not in the 9-industry universe"
107694,Churchill Capital Corporation IV,"April 18, 2021",CHURCHILL CAPITAL CORP IV,accept,1811210.0,"same SPAC as CHURCHILL CAPITAL CORP IV, later Lucid Group"
108285,BioNTech SE,"January 12, 2024",XBIOTECH,reject,,"different firm, or firm not in the 9-industry universe"
105258,"L-3 Communications Holdings, Inc.","August 01, 2014",COMMUNICATIONS,reject,,"different firm, or firm not in the 9-industry universe"
106321,Cytec Industries Inc.,"October 06, 2015",ASTEC INDUSTRIES,reject,,"different firm, or firm not in the 9-industry universe"
106869,"L3 Technologies, Inc.","January 04, 2019",DELL TECHNOLOGIES,reject,,"different firm, or firm not in the 9-industry universe"
106624,Interoil Corporation,"January 02, 2018",INTERSIL,reject,,"different firm, or firm not in the 9-industry universe"
106920,"UQM Technologies, Inc.","February 20, 2019",MCX TECHNOLOGIES,reject,,"different firm, or firm not in the 9-industry universe"
106857,LSC Communications Inc,"December 21, 2018",COMMUNICATIONS,reject,,"different firm, or firm not in the 9-industry universe"
105308,Nymox Pharmaceutical Corporation,"November 24, 2014",NRX PHARMACEUTICALS,reject,,"different firm, or firm not in the 9-industry universe"
104892,Magna International Inc.,"May 04, 2012",ANTAGA INTERNATIONAL,reject,,"different firm, or firm not in the 9-industry universe"
107128,"Rudolph Technologies, Inc.","August 21, 2019",DELPHI TECHNOLOGIES,reject,,"different firm, or firm not in the 9-industry universe"
107752,"Tarena International, Inc.","June 22, 2021",ASTEA INTERNATIONAL,reject,,"different firm, or firm not in the 9-industry universe"
107681,Ebang International Holdings Inc.,"April 08, 2021",ANTAGA INTERNATIONAL,reject,,"different firm, or firm not in the 9-industry universe"
104624,"Tongxin International, Ltd.","January 03, 2011",OXIS INTERNATIONAL,reject,,"different firm, or firm not in the 9-industry universe"
104539,Penwest Pharmaceuticals Co.,"August 26, 2010",GENETIX PHARMACEUTICALS,reject,,"different firm, or firm not in the 9-industry universe"
108299,Brooge Energy Limited,"February 05, 2024",OGE ENERGY,reject,,"different firm, or firm not in the 9-industry universe"
104745,"Jiangbo Pharmaceuticals, Inc.","July 15, 2011",ANEBULO PHARMACEUTICALS,reject,,"different firm, or firm not in the 9-industry universe"
107253,X Financial,"December 09, 2019",AI FINANCIAL,reject,,"different firm, or firm not in the 9-industry universe"
106055,Chicago Bridge & Iron Company N.V.,"March 02, 2017",CHICAGO BRIDGE AND IRON CO N V,accept,1027884.0,CHICAGO BRIDGE & IRON CO N V
106484,Chicago Bridge & Iron Company N.V.,"January 29, 2018",CHICAGO BRIDGE AND IRON CO N V,accept,1027884.0,CHICAGO BRIDGE & IRON CO N V
107748,RLX Technology Inc.,"June 09, 2021",RIVEX TECHNOLOGY,reject,,"different firm, or firm not in the 9-industry universe"
105915,Tenet Healthcare Corporation,"October 07, 2016",TELEHEALTHCARE,reject,,"different firm, or firm not in the 9-industry universe"
106767,Air Industries Group,"October 15, 2018",FARSI INDUSTRIES,reject,,"different firm, or firm not in the 9-industry universe"
104788,K-V Pharmaceutical Company,"October 19, 2011",DMK PHARMACEUTICALS,reject,,"different firm, or firm not in the 9-industry universe"
104655,Pride International Inc.,"March 08, 2011",REMY INTERNATIONAL,reject,,"different firm, or firm not in the 9-industry universe"
105022,"Maxwell Technologies, Inc.","March 13, 2013",DELL TECHNOLOGIES,reject,,"different firm, or firm not in the 9-industry universe"
105295,InVivo Therapeutics Holdings Corp.,"July 31, 2014",XILIO THERAPEUTICS,reject,,"different firm, or firm not in the 9-industry universe"
107360,DouYu International Holdings Limited,"March 24, 2020",ENDO INTERNATIONAL,reject,,"different firm, or firm not in the 9-industry universe"
108166,DouYu International Holdings Limited,"June 09, 2023",ENDO INTERNATIONAL,reject,,"different firm, or firm not in the 9-industry universe"
108333,"Evolv Technologies Holdings, Inc.","March 25, 2024",NETSOL TECHNOLOGIES,reject,,"different firm, or firm not in the 9-industry universe"
107039,"Pyxus International, Inc.","June 07, 2019",OXIS INTERNATIONAL,reject,,"different firm, or firm not in the 9-industry universe"
106932,"Maxwell Technologies, Inc.","February 26, 2019",DELL TECHNOLOGIES,reject,,"different firm, or firm not in the 9-industry universe"
106960,"Healthcare Services Group, Inc.","March 22, 2019",HEALTHMED SERVICES,reject,,"different firm, or firm not in the 9-industry universe"
105062,Geospace Technologies Corporation,"June 19, 2013",SAC TECHNOLOGIES,reject,,"different firm, or firm not in the 9-industry universe"
107721,"Verus International, Inc","April 23, 2021",VELT INTERNATIONAL,reject,,"different firm, or firm not in the 9-industry universe"
105093,"Tower Group International, Ltd.","August 20, 2013",TOWER INTERNATIONAL,reject,,"different firm, or firm not in the 9-industry universe"
104962,"Questcor Pharmaceuticals, Inc.","September 26, 2012",ETON PHARMACEUTICALS,reject,,"different firm, or firm not in the 9-industry universe"
106810,Esterline Technologies Corporation,"November 26, 2018",THERALINK TECHNOLOGIES,reject,,"different firm, or firm not in the 9-industry universe"
108599,"Compass Group Diversified Holdings, LLC","May 09, 2025",COMPASS DIVERSIFIED,accept,1345126.0,COMPASS DIVERSIFIED HOLDINGS
105084,"Accentia Biopharmaceuticals, Inc.","July 26, 2013",CANTABIO PHARMACEUTICALS,reject,,"different firm, or firm not in the 9-industry universe"
105705,"ServiceSource International, Inc.","July 08, 2015",TELESOURCE INTERNATIONAL,reject,,"different firm, or firm not in the 9-industry universe"
107307,"CSS Industries, Inc.","February 10, 2020",LCI INDUSTRIES,reject,,"different firm, or firm not in the 9-industry universe"
104646,Verizon Communications Inc.,"February 17, 2011",EGAIN COMMUNICATIONS,reject,,"different firm, or firm not in the 9-industry universe"
104729,"YUHE INTERNATIONAL, INC.","June 24, 2011",HDS INTERNATIONAL,reject,,"different firm, or firm not in the 9-industry universe"
107357,Exela Technologies Inc,"March 23, 2020",BETA TECHNOLOGIES,reject,,"different firm, or firm not in the 9-industry universe"
107321,Anixter International Inc.,"February 25, 2020",LAURIER INTERNATIONAL,reject,,"different firm, or firm not in the 9-industry universe"
105207,"Advanced Emissions Solutions, Inc.","May 01, 2014",ADVANCED MESSAGING SOLUTIONS,reject,,"different firm, or firm not in the 9-industry universe"
107659,Range Resources Corporation,"March 04, 2021",AGL RESOURCES,reject,,"different firm, or firm not in the 9-industry universe"
107735,"Array Technologies, Inc.","May 14, 2021",AEVA TECHNOLOGIES,reject,,"different firm, or firm not in the 9-industry universe"
108590,Meteora,"April 19, 2025",METSERA,reject,,"different firm, or firm not in the 9-industry universe"
108046,Iris Energy Limited,"December 07, 2022",RRI ENERGY,reject,,"different firm, or firm not in the 9-industry universe"
108457,Iris Energy Limited,"October 07, 2024",RRI ENERGY,reject,,"different firm, or firm not in the 9-industry universe"
108568,TFI International Inc.,"March 14, 2025",HILL INTERNATIONAL,reject,,"different firm, or firm not in the 9-industry universe"
106662,DCT Industrial Trust Inc.,"July 02, 2018",CNH INDUSTRIAL,reject,,"different firm, or firm not in the 9-industry universe"
106514,"DST Systems, Inc.","February 20, 2018",3D SYSTEMS,reject,,"different firm, or firm not in the 9-industry universe"
106606,"PPG Industries, Inc.","May 20, 2018",P10 INDUSTRIES,reject,,"different firm, or firm not in the 9-industry universe"
106273,"Rice Energy, Inc.","August 02, 2017",RRI ENERGY,reject,,"different firm, or firm not in the 9-industry universe"
106267,Zebra Technologies Corporation,"July 26, 2017",BETA TECHNOLOGIES,reject,,"different firm, or firm not in the 9-industry universe"
106894,"Arlo Technologies, Inc.","January 22, 2019",MEARS TECHNOLOGIES,reject,,"different firm, or firm not in the 9-industry universe"
105708,"LSB Industries, Inc.","September 25, 2015",LCI INDUSTRIES,reject,,"different firm, or firm not in the 9-industry universe"
106286,Sequans Communications S.A.,"August 09, 2017",EGAIN COMMUNICATIONS,reject,,"different firm, or firm not in the 9-industry universe"
106402,"Meridian Bioscience, Inc.","November 15, 2017",MERIX BIOSCIENCE,reject,,"different firm, or firm not in the 9-industry universe"
106435,"Centra Tech, Inc.","December 13, 2017",TETRA TECH,reject,,"different firm, or firm not in the 9-industry universe"
106364,"Riverbed Technology, Inc.","February 05, 2015",RIVEX TECHNOLOGY,reject,,"different firm, or firm not in the 9-industry universe"
107227,"Roan Resources, Inc.","November 14, 2019",TRIO RESOURCES,reject,,"different firm, or firm not in the 9-industry universe"
105740,Tower Semiconductor Ltd.,"January 22, 2016",ON SEMICONDUCTOR,reject,,"different firm, or firm not in the 9-industry universe"
107914,"Embark Technology, Inc.","April 01, 2022",WEBSTAR TECHNOLOGY,reject,,"different firm, or firm not in the 9-industry universe"
107758,Didi Global Inc.,"July 06, 2021",IIM GLOBAL,reject,,"different firm, or firm not in the 9-industry universe"
105173,Thoratec Corporation,"January 24, 2014",TORTEC,reject,,"different firm, or firm not in the 9-industry universe"
104846,Walter Energy Inc.,"January 27, 2012",ALTERNUS ENERGY,reject,,"different firm, or firm not in the 9-industry universe"
104775,Sequans Communications S.A.,"September 09, 2011",EGAIN COMMUNICATIONS,reject,,"different firm, or firm not in the 9-industry universe"
108197,Verizon Communications Inc.,"August 01, 2023",EGAIN COMMUNICATIONS,reject,,"different firm, or firm not in the 9-industry universe"
104748,"Zoo Entertainment, Inc.","July 22, 2011",EXEO ENTERTAINMENT,reject,,"different firm, or firm not in the 9-industry universe"
107143,Caesars Entertainment Corporation,"September 09, 2019",ESPORTS ENTERTAINMENT,reject,,"different firm, or firm not in the 9-industry universe"
106013,"Level 3 Communications, Inc.","January 17, 2017",WEAVE COMMUNICATIONS,reject,,"different firm, or firm not in the 9-industry universe"
107252,Anixter International INC.,"December 09, 2019",LAURIER INTERNATIONAL,reject,,"different firm, or firm not in the 9-industry universe"
105707,"SFX Entertainment, Inc.","September 11, 2015",EXEO ENTERTAINMENT,reject,,"different firm, or firm not in the 9-industry universe"
105667,"Liquid Holdings Group, Inc.","September 21, 2015",LIQUIDIA,reject,,"different firm, or firm not in the 9-industry universe"
107158,"Gannett Co., Inc.","September 16, 2019",LANNETT,reject,,"different firm, or firm not in the 9-industry universe"
107045,ChinaCache International Holdings Ltd.,"June 12, 2019",CHINA YCT INTERNATIONAL,reject,,"different firm, or firm not in the 9-industry universe"
105713,"Global Energy Acquisitions, LLC","August 03, 2015",ALTENERGY ACQUISITION,reject,,"different firm, or firm not in the 9-industry universe"
105675,ChinaCache International Holdings Ltd,"October 09, 2015",CHINA YCT INTERNATIONAL,reject,,"different firm, or firm not in the 9-industry universe"
106872,"Investment Technology Group, Inc.","January 04, 2019",REINVENT TECHNOLOGY,reject,,"different firm, or firm not in the 9-industry universe"
104507,Emmis Communications Corporation,"June 18, 2010",EGAIN COMMUNICATIONS,reject,,"different firm, or firm not in the 9-industry universe"
107221,"Resideo Technologies, Inc.","November 08, 2019",PEPTIDE TECHNOLOGIES,reject,,"different firm, or firm not in the 9-industry universe"
105644,"Investment Technology Group, Inc.","August 05, 2015",REINVENT TECHNOLOGY,reject,,"different firm, or firm not in the 9-industry universe"
106093,USANA Health Sciences,"February 13, 2017",PRA HEALTH SCIENCES,reject,,"different firm, or firm not in the 9-industry universe"
106979,Taronis Technologies Inc.,"April 15, 2019",AERWINS TECHNOLOGIES,reject,,"different firm, or firm not in the 9-industry universe"
108543,Alarum Technologies Ltd.,"February 14, 2025",PALANTIR TECHNOLOGIES,reject,,"different firm, or firm not in the 9-industry universe"
108429,STMicroelectronics N.V.,"August 23, 2024",CABOT MICROELECTRONICS,reject,,"different firm, or firm not in the 9-industry universe"
104713,"Yongye International, Inc.","May 26, 2011",NUGENE INTERNATIONAL,reject,,"different firm, or firm not in the 9-industry universe"
107436,"Co-Diagnostics, Inc.","June 15, 2020",CHEMBIO DIAGNOSTICS,reject,,"different firm, or firm not in the 9-industry universe"
107330,"Align Technology, Inc.","March 02, 2020",LINEAR TECHNOLOGY,reject,,"different firm, or firm not in the 9-industry universe"
107641,Jianpu Technology Inc.,"February 17, 2021",VIANT TECHNOLOGY,reject,,"different firm, or firm not in the 9-industry universe"
104746,Satcon Technology Corporation,"July 19, 2011",AECOM TECHNOLOGY,reject,,"different firm, or firm not in the 9-industry universe"
104958,"Valence Technology, Inc.","September 10, 2012",LEET TECHNOLOGY,reject,,"different firm, or firm not in the 9-industry universe"
107987,"Co-Diagnostics, Inc.","August 16, 2022",CHEMBIO DIAGNOSTICS,reject,,"different firm, or firm not in the 9-industry universe"
107550,Pintec Technology Holdings Limited,"September 29, 2020",VIANT TECHNOLOGY,reject,,"different firm, or firm not in the 9-industry universe"
106773,Jianpu Technology Inc.,"October 25, 2018",VIANT TECHNOLOGY,reject,,"different firm, or firm not in the 9-industry universe"
106788,"Align Technology, Inc.","November 05, 2018",LINEAR TECHNOLOGY,reject,,"different firm, or firm not in the 9-industry universe"
104981,"Align Technology, Inc.","November 28, 2012",LINEAR TECHNOLOGY,reject,,"different firm, or firm not in the 9-industry universe"
105332,"Roka Bioscience, Inc.","December 24, 2014",PROTEA BIOSCIENCES,reject,,"different firm, or firm not in the 9-industry universe"
104707,"GMX Resources, Inc.","May 12, 2011",TBX RESOURCES,reject,,"different firm, or firm not in the 9-industry universe"
104641,YRC Worldwide Inc.,"February 07, 2011",CCP WORLDWIDE,reject,,"different firm, or firm not in the 9-industry universe"
104970,Gold Resource Corporation,"October 25, 2012",AGL RESOURCES,reject,,"different firm, or firm not in the 9-industry universe"
104582,"Meta Financial Group, Inc.","October 22, 2010",AI FINANCIAL,reject,,"different firm, or firm not in the 9-industry universe"
105959,Ally Financial Inc.,"November 18, 2016",AI FINANCIAL,reject,,"different firm, or firm not in the 9-industry universe"
105191,UTi Worldwide Inc.,"March 17, 2014",ACI WORLDWIDE,reject,,"different firm, or firm not in the 9-industry universe"
106080,"LMI Aerospace, Inc.","March 27, 2017",XTI AEROSPACE,reject,,"different firm, or firm not in the 9-industry universe"
106865,YRC Worldwide Inc.,"January 02, 2019",CCP WORLDWIDE,reject,,"different firm, or firm not in the 9-industry universe"
105976,Spectra Energy Corp.,"October 10, 2016",ASTRA ENERGY,reject,,"different firm, or firm not in the 9-industry universe"
105992,Brocade Communications Systems Inc.,"December 12, 2016",COMMUNICATIONS SYSTEMS,reject,,"different firm, or firm not in the 9-industry universe"
106271,Intellipharmaceutics International Inc.,"July 28, 2017",KINIKSA PHARMACEUTICALS INTERNATIONAL,reject,,"different firm, or firm not in the 9-industry universe"
108408,"Lifecore Biomedical, Inc.","July 29, 2024",LIFECORE BIOMEDICAL INC DE,accept,1005286.0,LIFECORE BIOMEDICAL INC DE (state tag)
108538,"Intellia Therapeutics, Inc.","February 11, 2025",CELL THERAPEUTICS,reject,,"different firm, or firm not in the 9-industry universe"
106756,Namaste Technologies Inc.,"October 06, 2018",SENSE TECHNOLOGIES,reject,,"different firm, or firm not in the 9-industry universe"
106689,"Xerium Technologies, Inc.","July 30, 2018",VISIUM TECHNOLOGIES,reject,,"different firm, or firm not in the 9-industry universe"
105314,Jumei International Holding Limited,"December 11, 2014",RELIV INTERNATIONAL,reject,,"different firm, or firm not in the 9-industry universe"
106173,United Technologies Corporation,"May 12, 2017",ALLIED TECHNOLOGIES,reject,,"different firm, or firm not in the 9-industry universe"
106197,Swift Transportation Company,"May 31, 2017",VIA TRANSPORTATION,reject,,"different firm, or firm not in the 9-industry universe"
106468,"AMC Entertainment Holdings, Inc.","January 12, 2018",MAJESCO ENTERTAINMENT,reject,,"different firm, or firm not in the 9-industry universe"
106425,U.S. Energy Corp.,"December 11, 2017",SPI ENERGY,reject,,"different firm, or firm not in the 9-industry universe"
105775,Blount International Inc.,"March 21, 2016",VELT INTERNATIONAL,reject,,"different firm, or firm not in the 9-industry universe"
104950,"SmartHeat, Inc.","August 31, 2012",SMARTSHEET,reject,,"different firm, or firm not in the 9-industry universe"
108251,SC Health Corporation,"November 09, 2023",NRC HEALTH,reject,,"different firm, or firm not in the 9-industry universe"
104799,MF Global Holdings Ltd.,"November 03, 2011",IIM GLOBAL,reject,,"different firm, or firm not in the 9-industry universe"
104851,K-Sea Transportation Partners L.P.,"January 26, 2012",VIA TRANSPORTATION,reject,,"different firm, or firm not in the 9-industry universe"
105209,Lihua International Inc.,"May 01, 2014",RELIV INTERNATIONAL,reject,,"different firm, or firm not in the 9-industry universe"
107476,"Benefytt Technologies, Inc.","July 28, 2020",BETA TECHNOLOGIES,reject,,"different firm, or firm not in the 9-industry universe"
107407,Jumei International Holding Limited,"April 21, 2020",RELIV INTERNATIONAL,reject,,"different firm, or firm not in the 9-industry universe"
107766,"Renovacare, Inc.","July 16, 2021",RENOVACOR,reject,,"different firm, or firm not in the 9-industry universe"
108353,Exscientia p.l.c.,"April 26, 2024",NEXSCIENT,reject,,"different firm, or firm not in the 9-industry universe"
108424,Stellantis N.V.,"August 15, 2024",TELVANTIS,reject,,"different firm, or firm not in the 9-industry universe"
108183,Seagate Technology Holdings plc,"July 10, 2023",EDGEWATER TECHNOLOGY,reject,,"different firm, or firm not in the 9-industry universe"
107751,Home Point Capital Inc.,"June 21, 2021",POINT CAPITAL,reject,,"different firm, or firm not in the 9-industry universe"
107074,"Verb Technology Company, Inc.","July 09, 2019",RIVEX TECHNOLOGY,reject,,"different firm, or firm not in the 9-industry universe"
104618,"Alternate Energy Holdings, Inc.","December 20, 2010",ALTERNUS ENERGY,reject,,"different firm, or firm not in the 9-industry universe"
107953,"LMP Automotive Holdings, Inc.","May 27, 2022",DELPHI AUTOMOTIVE,reject,,"different firm, or firm not in the 9-industry universe"
104568,"AspenBio Pharma, Inc.","October 01, 2010",ASPIRE BIOPHARMA,reject,,"different firm, or firm not in the 9-industry universe"
106617,"CYS Investments, Inc.","June 01, 2018",PARC INVESTMENTS,reject,,"different firm, or firm not in the 9-industry universe"
107653,"MoneyGram International, Inc.","March 01, 2021",MOLLER INTERNATIONAL,reject,,"different firm, or firm not in the 9-industry universe"
108124,"BurgerFi International, Inc.","April 06, 2023",LAURIER INTERNATIONAL,reject,,"different firm, or firm not in the 9-industry universe"
106083,"Lionbridge Technologies, Inc.","January 26, 2017",LION BIOTECHNOLOGIES,reject,,"different firm, or firm not in the 9-industry universe"
106313,MoneyGram International Inc.,"May 19, 2015",MOLLER INTERNATIONAL,reject,,"different firm, or firm not in the 9-industry universe"
105881,Concordia International Corp.,"August 15, 2016",CORIUM INTERNATIONAL,reject,,"different firm, or firm not in the 9-industry universe"
105245,Lions Gate Entertainment Corp.,"July 11, 2014",ELINE ENTERTAINMENT,reject,,"different firm, or firm not in the 9-industry universe"
106801,"MoneyGram International, Inc.","November 14, 2018",MOLLER INTERNATIONAL,reject,,"different firm, or firm not in the 9-industry universe"
106107,Moneygram International Inc.,"March 13, 2017",MOLLER INTERNATIONAL,reject,,"different firm, or firm not in the 9-industry universe"
107428,Qiagen N.V.,"May 29, 2020",ICAGEN,reject,,"different firm, or firm not in the 9-industry universe"
107293,"Care.com, Inc.","January 21, 2020",AECOM,reject,,"different firm, or firm not in the 9-industry universe"
107601,"ACM Research, Inc.","December 21, 2020",INC RESEARCH,reject,,"different firm, or firm not in the 9-industry universe"
107950,"CareDx, Inc.","May 23, 2022",CARDAX,reject,,"different firm, or firm not in the 9-industry universe"
107899,BlockFi,"March 01, 2022",BLOCK,reject,,"different firm, or firm not in the 9-industry universe"
105226,"Annie's, Inc.","June 11, 2014",CANNIS,reject,,"different firm, or firm not in the 9-industry universe"
107929,"Natera, Inc.","April 27, 2022",ALTERA,reject,,"different firm, or firm not in the 9-industry universe"
104587,"Rae Systems, Inc.","November 01, 2010",ADOBE SYSTEMS,reject,,"different firm, or firm not in the 9-industry universe"
108636,"Fiserv, Inc.","July 24, 2025",FISKER,reject,,"different firm, or firm not in the 9-industry universe"
104464,"Fuqi International, Inc.","March 19, 2010",HILL INTERNATIONAL,reject,,"different firm, or firm not in the 9-industry universe"
104619,Exobox Technologies Corporation,"October 29, 2010",FOXO TECHNOLOGIES,reject,,"different firm, or firm not in the 9-industry universe"
104952,"Knight Capital Group, Inc.","August 17, 2012",GH CAPITAL,reject,,"different firm, or firm not in the 9-industry universe"
104772,Encore Energy Partners LP,"August 29, 2011",TECO ENERGY,reject,,"different firm, or firm not in the 9-industry universe"
105103,Nuverra Environmental Solutions Incorporated,"September 03, 2013",DIRTT ENVIRONMENTAL SOLUTIONS,reject,,"different firm, or firm not in the 9-industry universe"
105623,"Root9b Technologies, Inc.","June 23, 2015",FOXO TECHNOLOGIES,reject,,"different firm, or firm not in the 9-industry universe"
105903,"Polaris Industries, Inc.","September 16, 2016",PATRICK INDUSTRIES,reject,,"different firm, or firm not in the 9-industry universe"
106035,DaVita Inc.,"February 01, 2017",AVISTA,reject,,"different firm, or firm not in the 9-industry universe"
105822,"Natera, Inc.","March 24, 2016",ALTERA,reject,,"different firm, or firm not in the 9-industry universe"
107183,"Altria Group, Inc.","October 02, 2019",ALTERA,reject,,"different firm, or firm not in the 9-industry universe"
105365,"Inogen, Inc.","March 13, 2015",BIOGEN,reject,,"different firm, or firm not in the 9-industry universe"
107120,"NetApp, Inc.","August 14, 2019",INTAPP,reject,,"different firm, or firm not in the 9-industry universe"
106965,"Care.com, Inc.","April 03, 2019",AECOM,reject,,"different firm, or firm not in the 9-industry universe"
106876,"AxoGen, Inc.","January 09, 2019",VAXGEN,reject,,"different firm, or firm not in the 9-industry universe"
106939,"Inogen, Inc.","March 06, 2019",BIOGEN,reject,,"different firm, or firm not in the 9-industry universe"
106785,"Apogee Enterprises, Inc.","November 05, 2018",APIGEE,reject,,"different firm, or firm not in the 9-industry universe"
106704,"MB Financial, Inc.","August 13, 2018",AI FINANCIAL,reject,,"different firm, or firm not in the 9-industry universe"
108456,Genius Group Limited,"October 04, 2024",AGENUS,reject,,"different firm, or firm not in the 9-industry universe"
108569,enCore Energy Corp.,"March 14, 2025",TECO ENERGY,reject,,"different firm, or firm not in the 9-industry universe"
104562,Phoenix Technologies Ltd.,"September 22, 2010",API TECHNOLOGIES,reject,,"different firm, or firm not in the 9-industry universe"
104505,ATS Medical Inc.,"June 21, 2010",XTANT MEDICAL,reject,,"different firm, or firm not in the 9-industry universe"
106641,"Financial Engines, Inc.","June 13, 2018",LIQUID FINANCIAL ENGINES,reject,,"different firm, or firm not in the 9-industry universe"
106516,"Pinnacle Entertainment, Inc.","February 21, 2018",ELINE ENTERTAINMENT,reject,,"different firm, or firm not in the 9-industry universe"
106348,Frontier Communications Corporation,"September 26, 2017",NTN COMMUNICATIONS,reject,,"different firm, or firm not in the 9-industry universe"
106818,"Marriott International, Inc.","December 01, 2018",ISOFT INTERNATIONAL,reject,,"different firm, or firm not in the 9-industry universe"
106212,"FleetCor Technologies, Inc.","June 14, 2017",SENESCO TECHNOLOGIES,reject,,"different firm, or firm not in the 9-industry universe"
107288,Ribbon Communications Inc.,"January 16, 2020",VGRAB COMMUNICATIONS,reject,,"different firm, or firm not in the 9-industry universe"
104861,"Powerwave Technologies, Inc.","February 09, 2012",XPLORE TECHNOLOGIES,reject,,"different firm, or firm not in the 9-industry universe"
108295,GrafTech International Ltd.,"January 25, 2024",NATCO INTERNATIONAL,reject,,"different firm, or firm not in the 9-industry universe"
108017,Opendoor Technologies Inc.,"October 07, 2022",PROCORE TECHNOLOGIES,reject,,"different firm, or firm not in the 9-industry universe"
104615,"Bucyrus International, Inc.","December 08, 2010",CORIUM INTERNATIONAL,reject,,"different firm, or firm not in the 9-industry universe"
106509,Key Technology Inc,"February 15, 2018",LEET TECHNOLOGY,reject,,"different firm, or firm not in the 9-industry universe"
106144,Astoria Financial Corporation,"April 10, 2017",AI FINANCIAL,reject,,"different firm, or firm not in the 9-industry universe"
106242,Tahoe Resources Inc.,"July 07, 2017",TRIO RESOURCES,reject,,"different firm, or firm not in the 9-industry universe"
106859,DXC Technology Company,"December 27, 2018",MIND TECHNOLOGY,reject,,"different firm, or firm not in the 9-industry universe"
107559,"Loop Industries, Inc.","October 13, 2020",LCI INDUSTRIES,reject,,"different firm, or firm not in the 9-industry universe"
104967,"OCZ Technology Group, Inc.","October 11, 2012",DUOS TECHNOLOGY,reject,,"different firm, or firm not in the 9-industry universe"
105070,IEC Electronics Corp.,"June 28, 2013",TS ELECTRONICS,reject,,"different firm, or firm not in the 9-industry universe"
104752,Fairfax Financial Holdings Limited,"July 25, 2011",AI FINANCIAL,reject,,"different firm, or firm not in the 9-industry universe"
104716,WMS Industries Inc.,"May 25, 2011",DREW INDUSTRIES,reject,,"different firm, or firm not in the 9-industry universe"
104598,"MELA Sciences, Inc.","November 19, 2010",ALIMERA SCIENCES,reject,,"different firm, or firm not in the 9-industry universe"
108413,DXC Technology Company,"August 02, 2024",MIND TECHNOLOGY,reject,,"different firm, or firm not in the 9-industry universe"
104476,"Arena Resources, Inc.","April 26, 2010",NAVA RESOURCES,reject,,"different firm, or firm not in the 9-industry universe"
107152,Oritani Financial Corp.,"September 13, 2019",AI FINANCIAL,reject,,"different firm, or firm not in the 9-industry universe"
106659,"Latium Network, Inc.","June 06, 2018",CAVIUM NETWORKS,reject,,"different firm, or firm not in the 9-industry universe"
107155,DXC Technology Company,"September 16, 2019",MIND TECHNOLOGY,reject,,"different firm, or firm not in the 9-industry universe"
105693,"Roadrunner Transportation Systems, Inc.","November 17, 2015",GARRETT TRANSPORTATION SYSTEMS,reject,,"different firm, or firm not in the 9-industry universe"
106034,Roadrunner Transportation Systems Inc.,"January 31, 2017",GARRETT TRANSPORTATION SYSTEMS,reject,,"different firm, or firm not in the 9-industry universe"
106942,"Conduent, Inc.","March 08, 2019",CONFLUENT,reject,,"different firm, or firm not in the 9-industry universe"
105694,New Source Energy Partners L.P.,"November 13, 2015",EVERSOURCE ENERGY,reject,,"different firm, or firm not in the 9-industry universe"
105757,"Mattson Technology, Inc.","February 18, 2016",ASPEN TECHNOLOGY,reject,,"different firm, or firm not in the 9-industry universe"
107431,"Hebron Technology Co., Ltd.","June 09, 2020",MICRON TECHNOLOGY,reject,,"different firm, or firm not in the 9-industry universe"
107382,"Civic Technologies, Inc.","April 03, 2020",API TECHNOLOGIES,reject,,"different firm, or firm not in the 9-industry universe"
107553,Montage Resources Corporation,"September 30, 2020",MASCOTA RESOURCES,reject,,"different firm, or firm not in the 9-industry universe"
107373,"Liberty Oilfield Services, Inc.","April 03, 2020",FRONTIER OILFIELD SERVICES,reject,,"different firm, or firm not in the 9-industry universe"
107073,"Helius Medical Technologies, Inc.","July 09, 2019",ROCKWELL MEDICAL TECHNOLOGIES,reject,,"different firm, or firm not in the 9-industry universe"
105657,"Maxpoint Interactive, Inc.","August 31, 2015",EMAZING INTERACTIVE,reject,,"different firm, or firm not in the 9-industry universe"
108440,WEBTOON Entertainment Inc.,"September 05, 2024",EXEO ENTERTAINMENT,reject,,"different firm, or firm not in the 9-industry universe"
106498,Ballard Power Systems Inc.,"January 27, 2018",AQUA POWER SYSTEMS,reject,,"different firm, or firm not in the 9-industry universe"
106331,"MaxPoint Interactive, Inc.","September 14, 2017",EMAZING INTERACTIVE,reject,,"different firm, or firm not in the 9-industry universe"
108461,Edwards Lifesciences Corporation,"October 14, 2024",KEZAR LIFE SCIENCES,reject,,"different firm, or firm not in the 9-industry universe"
107480,"Forescout Technologies, Inc.","July 31, 2020",FOXO TECHNOLOGIES,reject,,"different firm, or firm not in the 9-industry universe"
107630,"iRhythm Technologies, Inc.","February 01, 2021",ECRYPT TECHNOLOGIES,reject,,"different firm, or firm not in the 9-industry universe"
105109,Edwards Lifesciences Corp.,"September 18, 2013",KEZAR LIFE SCIENCES,reject,,"different firm, or firm not in the 9-industry universe"
107346,"Forescout Technologies, Inc.","March 17, 2020",FOXO TECHNOLOGIES,reject,,"different firm, or firm not in the 9-industry universe"
107572,Raytheon Technologies Corporation,"October 30, 2020",NEONC TECHNOLOGIES,reject,,"different firm, or firm not in the 9-industry universe"
106194,Nexvet Biopharma Public Limited Company,"May 30, 2017",NEXVET BIOPHARMA,accept,1618561.0,NEXVET BIOPHARMA PLC
108301,"iRhythm Technologies, Inc.","February 06, 2024",ECRYPT TECHNOLOGIES,reject,,"different firm, or firm not in the 9-industry universe"
107276,"Forescout Technologies, Inc.","January 02, 2020",FOXO TECHNOLOGIES,reject,,"different firm, or firm not in the 9-industry universe"
107270,"Continental Building Products, Inc.","December 19, 2019",INSTALLED BUILDING PRODUCTS,reject,,"different firm, or firm not in the 9-industry universe"
105234,"PowerSecure International, Inc.","May 22, 2014",TOWER INTERNATIONAL,reject,,"different firm, or firm not in the 9-industry universe"
105145,"Hertz Global Holdings, Inc.","November 20, 2013",HST GLOBAL,reject,,"different firm, or firm not in the 9-industry universe"
105115,"A123 Systems, Inc.","September 27, 2013",3D SYSTEMS,reject,,"different firm, or firm not in the 9-industry universe"
107405,"Mobile Mini, Inc.","April 21, 2020",MOBILE IRON,reject,,"different firm, or firm not in the 9-industry universe"
105227,"Hertz Global Holdings, Inc.","June 13, 2014",HST GLOBAL,reject,,"different firm, or firm not in the 9-industry universe"
107490,"Noble Energy, Inc.","August 18, 2020",OGE ENERGY,reject,,"different firm, or firm not in the 9-industry universe"
107402,"GAIN Capital Holdings, Inc.","April 17, 2020",GH CAPITAL,reject,,"different firm, or firm not in the 9-industry universe"
107191,SRC Energy Inc.,"October 08, 2019",ASTRA ENERGY,reject,,"different firm, or firm not in the 9-industry universe"
106091,"FairPoint Communications, Inc.","February 07, 2017",EGAIN COMMUNICATIONS,reject,,"different firm, or firm not in the 9-industry universe"
105299,"Altair Nanotechnologies, Inc.","September 26, 2014",PALANTIR TECHNOLOGIES,reject,,"different firm, or firm not in the 9-industry universe"
108437,Migom Global Corp.,"August 30, 2024",IIM GLOBAL,reject,,"different firm, or firm not in the 9-industry universe"
106740,"Perry Ellis International, Inc.","September 24, 2018",RELIV INTERNATIONAL,reject,,"different firm, or firm not in the 9-industry universe"
105333,RCS Capital Corporation,"December 29, 2014",BDC CAPITAL,reject,,"different firm, or firm not in the 9-industry universe"
106460,Stone Energy Corporation,"January 04, 2018",DTE ENERGY,reject,,"different firm, or firm not in the 9-industry universe"
104671,Tollgrade Communications Inc.,"March 28, 2011",VGRAB COMMUNICATIONS,reject,,"different firm, or firm not in the 9-industry universe"
104878,"A123 Systems, Inc.","April 02, 2012",3D SYSTEMS,reject,,"different firm, or firm not in the 9-industry universe"
108375,"Hertz Global Holdings, Inc.","May 31, 2024",HST GLOBAL,reject,,"different firm, or firm not in the 9-industry universe"
104472,"Compellent Technologies, Inc.","April 14, 2010",MELLANOX TECHNOLOGIES,reject,,"different firm, or firm not in the 9-industry universe"
108562,Ready Capital Corporation,"March 06, 2025",LEADER CAPITAL,reject,,"different firm, or firm not in the 9-industry universe"
105848,"Ambac Financial Group, Inc.","June 28, 2016",AI FINANCIAL,reject,,"different firm, or firm not in the 9-industry universe"
106528,"Atlas Financial Holdings, Inc.","March 05, 2018",AI FINANCIAL,reject,,"different firm, or firm not in the 9-industry universe"
107364,Pope Resources,"March 26, 2020",PNM RESOURCES,reject,,"different firm, or firm not in the 9-industry universe"
108331,The Lion Electric Company,"March 22, 2024",OCEAN ELECTRIC,reject,,"different firm, or firm not in the 9-industry universe"
108177,Arrow Financial Corporation,"June 23, 2023",AI FINANCIAL,reject,,"different firm, or firm not in the 9-industry universe"
108156,"Virtu Financial, Inc.","May 19, 2023",AI FINANCIAL,reject,,"different firm, or firm not in the 9-industry universe"
105925,Adeptus Health Inc.,"October 27, 2016",RADIUS HEALTH,reject,,"different firm, or firm not in the 9-industry universe"
105232,Doral Financial Corporation,"May 14, 2014",AI FINANCIAL,reject,,"different firm, or firm not in the 9-industry universe"
108593,"Napco Security Technologies, Inc.","April 25, 2025",INTEGRATED SECURITY TECHNOLOGIES,reject,,"different firm, or firm not in the 9-industry universe"
108212,"NAPCO Security Technologies, Inc.","August 28, 2023",INTEGRATED SECURITY TECHNOLOGIES,reject,,"different firm, or firm not in the 9-industry universe"
106919,"Civitas Solutions, Inc.","February 19, 2019",VIAVI SOLUTIONS,reject,,"different firm, or firm not in the 9-industry universe"
106264,Nutraceutical International,"July 21, 2017",VALEANT PHARMACEUTICALS INTERNATIONAL,reject,,"different firm, or firm not in the 9-industry universe"
107060,"Versum Materials, Inc.","May 17, 2019",SUMMIT MATERIALS,reject,,"different firm, or firm not in the 9-industry universe"
104506,"Thor Industries, Inc.","June 25, 2010",GENCOR INDUSTRIES,reject,,"different firm, or firm not in the 9-industry universe"
108019,"Schmitt Industries, Inc.","October 11, 2022",LCI INDUSTRIES,reject,,"different firm, or firm not in the 9-industry universe"
106936,"Versum Materials, Inc.","March 01, 2019",SUMMIT MATERIALS,reject,,"different firm, or firm not in the 9-industry universe"
104478,Denbury Resources Inc.,"April 28, 2010",ELRAY RESOURCES,reject,,"different firm, or firm not in the 9-industry universe"
104918,"Lone Pine Resources, Inc.","June 20, 2012",GLOBEPAN RESOURCES,reject,,"different firm, or firm not in the 9-industry universe"
105082,Warner Chilcott Public Limited Company,"July 29, 2013",WARNER CHILCOTT,accept,1578845.0,WARNER CHILCOTT PLC
104645,"Atheros Communications, Inc.","February 10, 2011",WEAVE COMMUNICATIONS,reject,,"different firm, or firm not in the 9-industry universe"
108228,"PureCycle Technologies, Inc.","September 29, 2023",EPCYLON TECHNOLOGIES,reject,,"different firm, or firm not in the 9-industry universe"
105091,Orthofix International N.V.,"August 14, 2013",CORIUM INTERNATIONAL,reject,,"different firm, or firm not in the 9-industry universe"
105161,Net 1 UEPS Technologies Inc.,"December 30, 2013",NETSOL TECHNOLOGIES,reject,,"different firm, or firm not in the 9-industry universe"
107732,"Purecycle Technologies, Inc.","May 11, 2021",EPCYLON TECHNOLOGIES,reject,,"different firm, or firm not in the 9-industry universe"
104611,Mediacom Communications Corp.,"December 10, 2010",ZOOM COMMUNICATIONS,reject,,"different firm, or firm not in the 9-industry universe"
104732,"BioMimetic THERAPEUTICS, INC.","July 06, 2011",IMMUNE THERAPEUTICS,reject,,"different firm, or firm not in the 9-industry universe"
106361,"Journal Communications, Inc.","January 06, 2015",VGRAB COMMUNICATIONS,reject,,"different firm, or firm not in the 9-industry universe"
106873,Liberty Health Sciences Inc.,"January 07, 2019",PRA HEALTH SCIENCES,reject,,"different firm, or firm not in the 9-industry universe"
107250,"Net 1 UEPS Technologies, Inc.","December 05, 2019",NETSOL TECHNOLOGIES,reject,,"different firm, or firm not in the 9-industry universe"
105890,"Global Digital Solutions, Inc.","August 24, 2016",GLOBAL HEALTH SOLUTIONS,reject,,"different firm, or firm not in the 9-industry universe"
106579,Macquarie Infrastructure Corporation,"April 23, 2018",CARDINAL INFRASTRUCTURE,reject,,"different firm, or firm not in the 9-industry universe"
104831,"China Medical Technologies, Inc.","December 19, 2011",DESTINY MEDIA TECHNOLOGIES,reject,,"different firm, or firm not in the 9-industry universe"
104679,"Advanced Battery Technologies, Inc.","April 01, 2011",ADVANCED CREDIT TECHNOLOGIES,reject,,"different firm, or firm not in the 9-industry universe"
105610,China Finance Online Co. Limited,"June 05, 2015",CHINANET ONLINE,reject,,"different firm, or firm not in the 9-industry universe"
106970,TCF Financial Corporation,"April 10, 2019",AI FINANCIAL,reject,,"different firm, or firm not in the 9-industry universe"
105715,"Imperial Holdings, Inc.","April 20, 2015",IMPERVA,reject,,"different firm, or firm not in the 9-industry universe"
105815,"Immunomedics, Inc.","June 09, 2016",IMMUNOME,reject,,"different firm, or firm not in the 9-industry universe"
105804,Target Corporation,"May 17, 2016",TARGACEPT,reject,,"different firm, or firm not in the 9-industry universe"
107113,"ABIOMED, Inc.","August 06, 2019",Q BIOMED,reject,,"different firm, or firm not in the 9-industry universe"
105330,"ESB Financial, Inc.","December 15, 2014",AI FINANCIAL,reject,,"different firm, or firm not in the 9-industry universe"
105310,"MOL Global, Inc.","November 24, 2014",IIM GLOBAL,reject,,"different firm, or firm not in the 9-industry universe"
107077,Realogy Holdings Corp.,"July 11, 2019",REALLOYS,reject,,"different firm, or firm not in the 9-industry universe"
108631,Neogen Corporation,"July 18, 2025",NEUROGENE,reject,,"different firm, or firm not in the 9-industry universe"
108614,Vestis Corporation,"June 09, 2025",VERSARTIS,reject,,"different firm, or firm not in the 9-industry universe"
104721,"Lawson Software, Inc.","June 07, 2011",UPLAND SOFTWARE,reject,,"different firm, or firm not in the 9-industry universe"
104609,"Genoptix, Inc.","December 06, 2010",AGENTIX,reject,,"different firm, or firm not in the 9-industry universe"
104696,Epicor Software Corporation,"April 29, 2011",PAYCOM SOFTWARE,reject,,"different firm, or firm not in the 9-industry universe"
108259,"Generac Holdings, Inc.","November 21, 2023",GENSPERA,reject,,"different firm, or firm not in the 9-industry universe"
108367,Vestis Corporation,"May 17, 2024",VERSARTIS,reject,,"different firm, or firm not in the 9-industry universe"
104794,"Imperial Holdings, Inc","October 25, 2011",IMPERVA,reject,,"different firm, or firm not in the 9-industry universe"
108120,Target Corporation,"March 29, 2023",TARGACEPT,reject,,"different firm, or firm not in the 9-industry universe"
108147,SVB Financial Group,"May 10, 2023",AI FINANCIAL,reject,,"different firm, or firm not in the 9-industry universe"
108022,"Resolute Capital Partners LTD., LLC","October 19, 2022",SOLEIL CAPITAL,reject,,"different firm, or firm not in the 9-industry universe"
108041,Generac Holdings Inc.,"December 01, 2022",GENSPERA,reject,,"different firm, or firm not in the 9-industry universe"
107789,Generac Holdings Inc.,"August 20, 2021",GENSPERA,reject,,"different firm, or firm not in the 9-industry universe"
107819,"Camber Energy, Inc.","October 29, 2021",CLEAR ENERGY,reject,,"different firm, or firm not in the 9-industry universe"
105059,National Financial Partners Corp.,"June 07, 2013",AI FINANCIAL,reject,,"different firm, or firm not in the 9-industry universe"
104974,"Abiomed, Inc.","November 16, 2012",Q BIOMED,reject,,"different firm, or firm not in the 9-industry universe"
105088,McDermott International Inc.,"August 15, 2013",MECHTRON INTERNATIONAL,reject,,"different firm, or firm not in the 9-industry universe"
107618,"Bit Digital, Inc.","January 20, 2021",E DIGITAL,reject,,"different firm, or firm not in the 9-industry universe"
107578,"Interface, Inc.","November 12, 2020",INTERACTIVE,reject,,"different firm, or firm not in the 9-industry universe"
105129,Pretium Resources Inc.,"October 25, 2013",PNM RESOURCES,reject,,"different firm, or firm not in the 9-industry universe"
105170,Merge Healthcare Incorporated,"January 16, 2014",TELEHEALTHCARE,reject,,"different firm, or firm not in the 9-industry universe"
107280,"Mohawk Industries, Inc.","January 03, 2020",MITCHAM INDUSTRIES,reject,,"different firm, or firm not in the 9-industry universe"
107410,Phoenix Tree Holdings Limited,"April 24, 2020",PHOENIX MOTOR,reject,,"different firm, or firm not in the 9-industry universe"
107314,"WPX Energy, Inc.","February 17, 2020",SPI ENERGY,reject,,"different firm, or firm not in the 9-industry universe"
107552,"Immunomedics, Inc.","September 29, 2020",IMMUNOME,reject,,"different firm, or firm not in the 9-industry universe"
107549,Peabody Energy Corporation,"September 28, 2020",ABCO ENERGY,reject,,"different firm, or firm not in the 9-industry universe"
108076,Sotera Health Company,"January 24, 2023",SERES HEALTH,reject,,"different firm, or firm not in the 9-industry universe"
107104,Just Energy Group Inc.,"July 31, 2019",T1 ENERGY,reject,,"different firm, or firm not in the 9-industry universe"
107052,Black Ridge Acquisition Corp.,"June 17, 2019",BLACK HAWK ACQUISITION,reject,,"different firm, or firm not in the 9-industry universe"
106198,Alon USA Energy Inc.,"June 02, 2017",ALTERNUS ENERGY,reject,,"different firm, or firm not in the 9-industry universe"
105763,Sempra Energy,"February 29, 2016",ASTRA ENERGY,reject,,"different firm, or firm not in the 9-industry universe"
105776,LPL Financial Holdings Inc.,"March 22, 2016",AI FINANCIAL,reject,,"different firm, or firm not in the 9-industry universe"
106882,MBT Financial Corp.,"January 09, 2019",AI FINANCIAL,reject,,"different firm, or firm not in the 9-industry universe"
106953,United Microelectronics Corporation,"March 14, 2019",CABOT MICROELECTRONICS,reject,,"different firm, or firm not in the 9-industry universe"
106000,Cardinal Financial Corporation,"December 20, 2016",AI FINANCIAL,reject,,"different firm, or firm not in the 9-industry universe"
106030,"Derma Sciences, Inc.","January 30, 2017",ALIMERA SCIENCES,reject,,"different firm, or firm not in the 9-industry universe"
106193,"Zoompass Holdings, Inc.","May 30, 2017",COMPASS,reject,,"different firm, or firm not in the 9-industry universe"
106988,"SunCoke Energy Partners, L.P.","April 17, 2019",DUKE ENERGY,reject,,"different firm, or firm not in the 9-industry universe"
106862,"Immunomedics, Inc.","December 27, 2018",IMMUNOME,reject,,"different firm, or firm not in the 9-industry universe"
108493,DMC Global Inc.,"December 06, 2024",IIM GLOBAL,reject,,"different firm, or firm not in the 9-industry universe"
104535,CVB Financial Corporation,"August 23, 2010",AI FINANCIAL,reject,,"different firm, or firm not in the 9-industry universe"
106443,The Crypto Company,"December 21, 2017",AIXCRYPTO,reject,,"different firm, or firm not in the 9-industry universe"
106727,"Pretium Resources, Inc.","September 07, 2018",PNM RESOURCES,reject,,"different firm, or firm not in the 9-industry universe"
106759,"FCB Financial Holdings, Inc.","October 09, 2018",AI FINANCIAL,reject,,"different firm, or firm not in the 9-industry universe"
104572,"Georgetown Capital Group, Inc.","October 04, 2010",GROW CAPITAL,reject,,"different firm, or firm not in the 9-industry universe"
104534,Northern Trust Corporation,"August 24, 2010",NORTHWESTERN,reject,,"different firm, or firm not in the 9-industry universe"
108496,"Sun Communities, Inc.","December 12, 2024",WCI COMMUNITIES,reject,,"different firm, or firm not in the 9-industry universe"
106512,"Bioptix, Inc.","February 17, 2018",GIGOPTIX,reject,,"different firm, or firm not in the 9-industry universe"
106441,"Monkey Capital, LLC","December 19, 2017",EMO CAPITAL,reject,,"different firm, or firm not in the 9-industry universe"
106802,"McDermott International, Inc.","November 15, 2018",MECHTRON INTERNATIONAL,reject,,"different firm, or firm not in the 9-industry universe"
106383,"Antares Pharma, Inc.","October 23, 2017",ATYR PHARMA,reject,,"different firm, or firm not in the 9-industry universe"
106795,Nevsun Resources Ltd.,"November 09, 2018",NAVA RESOURCES,reject,,"different firm, or firm not in the 9-industry universe"
106492,BitConnect,"February 07, 2018",VIZCONNECT,reject,,"different firm, or firm not in the 9-industry universe"
108531,Target Corporation,"January 31, 2025",TARGACEPT,reject,,"different firm, or firm not in the 9-industry universe"
106239,Sinovac Biotech Ltd.,"July 03, 2017",IO BIOTECH,reject,,"different firm, or firm not in the 9-industry universe"
105291,CBD Energy Limited,"October 27, 2014",CMS ENERGY,reject,,"different firm, or firm not in the 9-industry universe"
107976,Missfresh Limited,"July 12, 2022",IFRESH,reject,,"different firm, or firm not in the 9-industry universe"
107765,Stable Road Acquisition Corp.,"July 15, 2021",STAR ACQUISITIONS,reject,,"different firm, or firm not in the 9-industry universe"
105181,Montage Technology Group Limited,"February 19, 2014",MICRON TECHNOLOGY,reject,,"different firm, or firm not in the 9-industry universe"
105184,"Immunomedics, Inc.","February 27, 2014",IMMUNOME,reject,,"different firm, or firm not in the 9-industry universe"
105275,"SeaWorld Entertainment, Inc.","September 09, 2014",EXEO ENTERTAINMENT,reject,,"different firm, or firm not in the 9-industry universe"
107326,Crown Castle International Corp.,"February 27, 2020",ASTEA INTERNATIONAL,reject,,"different firm, or firm not in the 9-industry universe"
107491,"Genius Brands International, Inc.","August 18, 2020",ENDURANCE INTERNATIONAL,reject,,"different firm, or firm not in the 9-industry universe"
107459,"J2 Global, Inc.","July 08, 2020",GLOBAL,reject,,"different firm, or firm not in the 9-industry universe"
104744,"Progress Energy, Inc.","July 18, 2011",OGE ENERGY,reject,,"different firm, or firm not in the 9-industry universe"
108237,"DermTech, Inc.","October 16, 2023",SEMTECH,reject,,"different firm, or firm not in the 9-industry universe"
108220,Integra LifeSciences Holdings Corporation,"September 12, 2023",COMERA LIFE SCIENCES,reject,,"different firm, or firm not in the 9-industry universe"
108106,SVB Financial Group,"March 13, 2023",AI FINANCIAL,reject,,"different firm, or firm not in the 9-industry universe"
104899,"KIT Digital, Inc.","May 25, 2012",E DIGITAL,reject,,"different firm, or firm not in the 9-industry universe"
104908,"Moduslink Global Solutions, Inc.","June 12, 2012",ID GLOBAL SOLUTIONS,reject,,"different firm, or firm not in the 9-industry universe"
104897,Viropharma Incorporated,"May 17, 2012",IBIOPHARMA,reject,,"different firm, or firm not in the 9-industry universe"
104871,Nevsun Resources Ltd.,"March 13, 2012",NAVA RESOURCES,reject,,"different firm, or firm not in the 9-industry universe"
108588,"Integrated Wealth Strategies, LLC.","April 17, 2025",INTEGRATED HEALTH TECHNOLOGIES,reject,,"different firm, or firm not in the 9-industry universe"
106779,China Zenix Auto International Limited,"October 31, 2018",CHINA YCT INTERNATIONAL,reject,,"different firm, or firm not in the 9-industry universe"
105643,"Helix Energy Solutions Group, Inc.","July 31, 2015",FIRSTENERGY SOLUTIONS,reject,,"different firm, or firm not in the 9-industry universe"
104517,"ADC Telecommunications, Inc.","July 28, 2010",ACACIA COMMUNICATIONS,reject,,"different firm, or firm not in the 9-industry universe"
105214,"Hastings Entertainment, Inc.","May 09, 2014",ESPORTS ENTERTAINMENT,reject,,"different firm, or firm not in the 9-industry universe"
105366,"Accelerate Diagnostics, Inc.","March 19, 2015",ERBA DIAGNOSTICS,reject,,"different firm, or firm not in the 9-industry universe"
107163,Greenland Acquisition Corporation,"September 19, 2019",ESGEN ACQUISITION,reject,,"different firm, or firm not in the 9-industry universe"
108573,Perpetua Resources Corp.,"March 21, 2025",PLATA RESOURCES,reject,,"different firm, or firm not in the 9-industry universe"
104532,"Progressive Energy Partners, LLC","August 17, 2010",POSITIVE ENERGY,reject,,"different firm, or firm not in the 9-industry universe"
108490,"Aehr Test Systems, Inc.","December 03, 2024",ALTERNET SYSTEMS,reject,,"different firm, or firm not in the 9-industry universe"
106469,"Entellus Medical, Inc.","January 16, 2018",ENTEST BIOMEDICAL,reject,,"different firm, or firm not in the 9-industry universe"
105668,"Shiloh Industries, Inc.","September 21, 2015",FARSI INDUSTRIES,reject,,"different firm, or firm not in the 9-industry universe"
105687,"Flotek Industries, Inc.","November 12, 2015",ASTEC INDUSTRIES,reject,,"different firm, or firm not in the 9-industry universe"
105869,"Warren Resources, Inc.","August 11, 2016",WESTERN RESOURCES,reject,,"different firm, or firm not in the 9-industry universe"
104787,"AgFeed Industries, Inc.","October 18, 2011",ASTEC INDUSTRIES,reject,,"different firm, or firm not in the 9-industry universe"
108431,"Methode Electronics, Inc.","August 26, 2024",TS ELECTRONICS,reject,,"different firm, or firm not in the 9-industry universe"
105049,"Nam Tai Electronics, Inc.","May 17, 2013",TS ELECTRONICS,reject,,"different firm, or firm not in the 9-industry universe"
105208,Giant Interactive Group Inc.,"March 27, 2014",SNAP INTERACTIVE,reject,,"different firm, or firm not in the 9-industry universe"
105147,Star Scientific Inc.,"December 04, 2013",PATRIOT SCIENTIFIC,reject,,"different firm, or firm not in the 9-industry universe"
108128,"Medical Properties Trust, Inc.","April 12, 2023",ASIA PROPERTIES,reject,,"different firm, or firm not in the 9-industry universe"
108227,"Medical Properties Trust, Inc.","September 29, 2023",ASIA PROPERTIES,reject,,"different firm, or firm not in the 9-industry universe"
105029,"Star Scientific, Inc.","March 25, 2013",PATRIOT SCIENTIFIC,reject,,"different firm, or firm not in the 9-industry universe"
106329,State National Companies Inc.,"September 11, 2017",ASTEA INTERNATIONAL,reject,,"different firm, or firm not in the 9-industry universe"
106132,"Patriot National, Inc.","March 14, 2017",PATRIOT FINANCIAL,reject,,"different firm, or firm not in the 9-industry universe"
107867,Talis Biomedical Corporation,"January 07, 2022",ENTEST BIOMEDICAL,reject,,"different firm, or firm not in the 9-industry universe"
104778,Central Vermont Public Service Corp.,"September 15, 2011",CENTRAL ILLINOIS PUBLIC SERVICE,reject,,"different firm, or firm not in the 9-industry universe"
104734,Duncan Energy Partners L.P.,"July 05, 2011",SUNATION ENERGY,reject,,"different firm, or firm not in the 9-industry universe"
104436,Allied Capital Corporation,"January 25, 2010",ANSELL CAPITAL,reject,,"different firm, or firm not in the 9-industry universe"
107400,"iAnthus Capital Holdings, Inc.","April 15, 2020",POINT CAPITAL,reject,,"different firm, or firm not in the 9-industry universe"
107545,Garrison Capital Inc.,"September 24, 2020",GROW CAPITAL,reject,,"different firm, or firm not in the 9-industry universe"
104735,"Avon Products, Inc.","July 06, 2011",DORMAN PRODUCTS,reject,,"different firm, or firm not in the 9-industry universe"
107855,Instadose Pharma Corp.,"December 30, 2021",INTEC PHARMA,reject,,"different firm, or firm not in the 9-industry universe"
106893,Trinity Capital Corporation,"January 22, 2019",POINT CAPITAL,reject,,"different firm, or firm not in the 9-industry universe"
105325,"Everyware Global, Inc.","October 07, 2014",LEVER GLOBAL,reject,,"different firm, or firm not in the 9-industry universe"
107198,"Avon Products, Inc.","October 15, 2019",DORMAN PRODUCTS,reject,,"different firm, or firm not in the 9-industry universe"
106843,Access National Corporation,"December 14, 2018",SCCI NATIONAL,reject,,"different firm, or firm not in the 9-industry universe"
106181,"Jive Software, Inc.","May 16, 2017",ADVENT SOFTWARE,reject,,"different firm, or firm not in the 9-industry universe"
106915,"Avon Products, Inc.","February 14, 2019",DORMAN PRODUCTS,reject,,"different firm, or firm not in the 9-industry universe"
104677,Gerova Financial Group,"March 22, 2011",AI FINANCIAL,reject,,"different firm, or firm not in the 9-industry universe"
104834,Camelot Information Systems Inc.,"January 05, 2012",MAGNITUDE INFORMATION SYSTEMS,reject,,"different firm, or firm not in the 9-industry universe"
107945,Pegasystems Inc.,"May 19, 2022",EPAM SYSTEMS,reject,,"different firm, or firm not in the 9-industry universe"
107975,Molecular Partners AG,"July 12, 2022",INTERMOLECULAR,reject,,"different firm, or firm not in the 9-industry universe"
105080,PVF Capital Corporation,"July 24, 2013",PONO CAPITAL,reject,,"different firm, or firm not in the 9-industry universe"
104859,Kosmos Energy Ltd.,"February 06, 2012",CMS ENERGY,reject,,"different firm, or firm not in the 9-industry universe"
108371,"Direct Digital Holdings, Inc.","May 23, 2024",E DIGITAL,reject,,"different firm, or firm not in the 9-industry universe"
108100,"Vertex Energy, Inc.","March 03, 2023",DTE ENERGY,reject,,"different firm, or firm not in the 9-industry universe"
107025,Bloom Energy Corporation,"May 28, 2019",ABCO ENERGY,reject,,"different firm, or firm not in the 9-industry universe"
106213,CardConnect Corp.,"June 13, 2017",ICORECONNECT,reject,,"different firm, or firm not in the 9-industry universe"
104477,Massey Energy Company,"April 29, 2010",CMS ENERGY,reject,,"different firm, or firm not in the 9-industry universe"
106905,General Electric Company,"February 01, 2019",PORTLAND GENERAL ELECTRIC,reject,,"different firm, or firm not in the 9-industry universe"
105699,Hutchinson Technology Incorporated,"November 30, 2015",THINSPACE TECHNOLOGY,reject,,"different firm, or firm not in the 9-industry universe"
106480,General Electric Company,"January 18, 2018",PORTLAND GENERAL ELECTRIC,reject,,"different firm, or firm not in the 9-industry universe"
108527,TELUS International (Cda) Inc.,"January 30, 2025",VELT INTERNATIONAL,reject,,"different firm, or firm not in the 9-industry universe"
106719,"Papa John's International, Inc.","August 30, 2018",HDS INTERNATIONAL,reject,,"different firm, or firm not in the 9-industry universe"
106392,General Electric Inc.,"November 01, 2017",PORTLAND GENERAL ELECTRIC,reject,,"different firm, or firm not in the 9-industry universe"
108067,General Electric Company,"October 03, 2022",PORTLAND GENERAL ELECTRIC,reject,,"different firm, or firm not in the 9-industry universe"
105600,SanDisk Corporation,"March 30, 2015",SANDISK,accept,1000180.0,pre-2016 SanDisk Corp (acquired by Western Digital); not the 2025 spin-off CIK
106102,Pearson plc,"February 24, 2017",PARSON,reject,,"different firm, or firm not in the 9-industry universe"
106755,Connecticut Water Svc Inc,"October 05, 2018",CONNECTICUT WATER SERVICE,accept,276209.0,"CONNECTICUT WATER SERVICE INC, abbreviated"
107654,"Renewable Energy Group, Inc.","March 02, 2021",808 RENEWABLE ENERGY,reject,,"different firm, or firm not in the 9-industry universe"
104784,"Global Industries, Ltd.","October 11, 2011",GLOBAL INDUSTRIAL,reject,,"different firm, or firm not in the 9-industry universe"
107469,"Energy Recovery, Inc.","July 21, 2020",ERC ENERGY RECOVERY,reject,,"different firm, or firm not in the 9-industry universe"
105341,"Energy Recovery, Inc.","January 20, 2015",ERC ENERGY RECOVERY,reject,,"different firm, or firm not in the 9-industry universe"
106164,Hongli Clean Energy Technologies Corp.,"May 08, 2017",CLEAN ENERGY TECHNOLOGIES,reject,,"different firm, or firm not in the 9-industry universe"
107211,Arotech Corporation,"October 28, 2019",ASTROTECH,reject,,"different firm, or firm not in the 9-industry universe"
106558,"Patterson Companies, Inc.","March 28, 2018",PATTERN,reject,,"different firm, or firm not in the 9-industry universe"
104592,"Gentiva Health Services, Inc.","November 02, 2010",VENTANA HEALTH SERVICES,reject,,"different firm, or firm not in the 9-industry universe"
107151,"Castle Brands, Inc.","September 13, 2019",CST BRANDS,reject,,"different firm, or firm not in the 9-industry universe"
108023,"Argo Group International Holdings, Ltd.","October 20, 2022",AEROGROW INTERNATIONAL,reject,,"different firm, or firm not in the 9-industry universe"
108077,Argo Blockchain plc,"January 26, 2023",RIOT BLOCKCHAIN,reject,,"different firm, or firm not in the 9-industry universe"
107122,"SAExploration Holdings, Inc.","August 18, 2019",FAL EXPLORATION,reject,,"different firm, or firm not in the 9-industry universe"
104518,Advanta Corporation,"July 23, 2010",AVANTAX,reject,,"different firm, or firm not in the 9-industry universe"
106546,United American Bank,"March 16, 2018",UNITED AMERICAN,reject,,"different firm, or firm not in the 9-industry universe"
106066,Homex Development Corp.,"March 14, 2017",FOXX DEVELOPMENT,reject,,"different firm, or firm not in the 9-industry universe"
107238,"The RealReal, Inc.","November 25, 2019",THEREALREAL,accept,1573221.0,"THEREALREAL INC.; ""THE"" prefix stripped by normaliser"
104763,Motricity Inc.,"August 12, 2011",BIOTRICITY,reject,,"different firm, or firm not in the 9-industry universe"
108060,"Daktronics, Inc.","December 21, 2022",ASTRONICS,reject,,"different firm, or firm not in the 9-industry universe"
105223,Prospect Capital Corporation,"May 27, 2014",SPECTRA CAPITAL,reject,,"different firm, or firm not in the 9-industry universe"
107977,Celsius Network LLC,"July 13, 2022",ACTELIS NETWORKS,reject,,"different firm, or firm not in the 9-industry universe"
104575,Inergy Holdings L.P.,"October 13, 2010",ENERGY,reject,,"different firm, or firm not in the 9-industry universe"
105347,"Movado Group, Inc.","February 04, 2015",MOVANO,reject,,"different firm, or firm not in the 9-industry universe"
104538,China Natural Gas Inc.,"August 26, 2010",CORNING NATURAL GAS,reject,,"different firm, or firm not in the 9-industry universe"
105781,DS Healthcare Group Inc.,"March 29, 2016",IHEALTHCARE,reject,,"different firm, or firm not in the 9-industry universe"
105050,"Aruba Networks, Inc.","May 23, 2013",ARISTA NETWORKS,reject,,"different firm, or firm not in the 9-industry universe"
105714,"Aruba Networks, Inc.","April 01, 2015",ARISTA NETWORKS,reject,,"different firm, or firm not in the 9-industry universe"
106973,"ComScore, Inc.","April 10, 2019",COMMSCOPE,reject,,"different firm, or firm not in the 9-industry universe"
106422,"NewStar Financial, Inc.","December 04, 2017",EXSULAR FINANCIAL,reject,,"different firm, or firm not in the 9-industry universe"
104550,ExpressJet Holdings Inc.,"September 10, 2010",EXPRESS,reject,,"different firm, or firm not in the 9-industry universe"
105762,G. Willi-Food International Ltd.,"February 29, 2016",DIXIE FOODS INTERNATIONAL,reject,,"different firm, or firm not in the 9-industry universe"
105770,"comScore, Inc.","March 10, 2016",COMMSCOPE,reject,,"different firm, or firm not in the 9-industry universe"
108207,Comerica Incorporated,"August 21, 2023",BIOMERICA,reject,,"different firm, or firm not in the 9-industry universe"
106849,"Ridge Natural Resources, LLC","August 03, 2018",NATURAL RESOURCE,reject,,"different firm, or firm not in the 9-industry universe"
104945,"Alpha Natural Resources, Inc.","August 16, 2012",NATURAL RESOURCE,reject,,"different firm, or firm not in the 9-industry universe"
105101,"Furniture Brands International, Inc.","August 16, 2013",RESTAURANT BRANDS INTERNATIONAL,reject,,"different firm, or firm not in the 9-industry universe"
107909,"Cano Health, Inc.","March 18, 2022",NANT HEALTH,reject,,"different firm, or firm not in the 9-industry universe"
107159,OMNOVA Solutions Inc.,"September 17, 2019",NOVUME SOLUTIONS,reject,,"different firm, or firm not in the 9-industry universe"
106903,"Alta Mesa Resources, Inc.","January 30, 2019",ARTESIAN RESOURCES,reject,,"different firm, or firm not in the 9-industry universe"
104656,"Weatherford International, Ltd.","March 04, 2011",BREKFORD INTERNATIONAL,reject,,"different firm, or firm not in the 9-industry universe"
107142,Weatherford International plc,"September 06, 2019",BREKFORD INTERNATIONAL,reject,,"different firm, or firm not in the 9-industry universe"
104874,Weatherford International Ltd.,"March 22, 2012",BREKFORD INTERNATIONAL,reject,,"different firm, or firm not in the 9-industry universe"
105887,"Power Solutions International, Inc.","August 22, 2016",PORTER HOLDING INTERNATIONAL,reject,,"different firm, or firm not in the 9-industry universe"
106833,"Pacific Biosciences of California, Inc","December 11, 2018",PACIFIC SUNWEAR OF CALIFORNIA,reject,,"different firm, or firm not in the 9-industry universe"
104812,"Pacific Biosciences of California, Inc.","November 23, 2011",PACIFIC SUNWEAR OF CALIFORNIA,reject,,"different firm, or firm not in the 9-industry universe"
104499,"Amedisys, Inc.","June 10, 2010",RADISYS,reject,,"different firm, or firm not in the 9-industry universe"
105809,Unilife Corporation,"May 26, 2016",UNI LINE,reject,,"different firm, or firm not in the 9-industry universe"
104605,Mecox Lane Limited,"December 03, 2010",ECO PLANET,reject,,"different firm, or firm not in the 9-industry universe"
104665,"Kid Brands, Inc.","March 22, 2011",AKA BRANDS,reject,,"different firm, or firm not in the 9-industry universe"
104758,Petrohawk Energy Corporation,"August 02, 2011",SPECTRA ENERGY,reject,,"different firm, or firm not in the 9-industry universe"
107418,"Ryder System, Inc.","May 20, 2020",REKOR SYSTEMS,reject,,"different firm, or firm not in the 9-industry universe"
107310,Six Flags Entertainment Corporation,"February 12, 2020",ASI ENTERTAINMENT,reject,,"different firm, or firm not in the 9-industry universe"
107133,"AmTrust Financial Services, Inc.","August 28, 2019",FIRST CASH FINANCIAL SERVICES,reject,,"different firm, or firm not in the 9-industry universe"
107612,Decision Diagnostics Corp.,"January 15, 2021",MERIDIAN DIAGNOSTICS,reject,,"different firm, or firm not in the 9-industry universe"
108525,Arconic Corporation,"January 29, 2025",HARMONIC,reject,,"different firm, or firm not in the 9-industry universe"
106875,Natural Health Trends Corp.,"January 08, 2019",NATURAL HEALTH FARM,reject,,"different firm, or firm not in the 9-industry universe"
107648,"Nelson Partners, LLC","February 25, 2021",DANIELSON,reject,,"different firm, or firm not in the 9-industry universe"
107066,Sunlands Technology Group,"June 27, 2019",ATLAS TECHNOLOGY,reject,,"different firm, or firm not in the 9-industry universe"
106977,"BrightView Holdings, Inc.","April 11, 2019",BRIGHTCOVE,reject,,"different firm, or firm not in the 9-industry universe"
106668,Glencore PLC,"July 09, 2018",GENCORP,reject,,"different firm, or firm not in the 9-industry universe"
106850,Newfield Exploration Corporation,"December 19, 2018",FAL EXPLORATION,reject,,"different firm, or firm not in the 9-industry universe"
106790,Evoqua Water Technologies Corp.,"November 06, 2018",VOYAGER TECHNOLOGIES,reject,,"different firm, or firm not in the 9-industry universe"
106377,Spark Networks Inc,"October 17, 2017",AIRSPAN NETWORKS,reject,,"different firm, or firm not in the 9-industry universe"
106598,"AmTrust Financial Services, Inc.","May 09, 2018",FIRST CASH FINANCIAL SERVICES,reject,,"different firm, or firm not in the 9-industry universe"
105169,Cooper Tire & Rubber Company,"January 17, 2014",GENERAL TIRE AND RUBBER,reject,,"different firm, or firm not in the 9-industry universe"
105218,Cliffs Natural Resources Inc.,"May 12, 2014",NATURAL RESOURCE,reject,,"different firm, or firm not in the 9-industry universe"
105027,Harvest Natural Resource,"March 22, 2013",NATURAL RESOURCE,reject,,"different firm, or firm not in the 9-industry universe"
105130,Unilife Corporation,"November 01, 2013",UNI LINE,reject,,"different firm, or firm not in the 9-industry universe"
105139,DFC Global Corp.,"November 20, 2013",PFO GLOBAL,reject,,"different firm, or firm not in the 9-industry universe"
105178,"Amtrust Financial Services, Inc.","February 04, 2014",FIRST CASH FINANCIAL SERVICES,reject,,"different firm, or firm not in the 9-industry universe"
106052,"AmTrust Financial Services, Inc.","February 28, 2017",FIRST CASH FINANCIAL SERVICES,reject,,"different firm, or firm not in the 9-industry universe"
105380,"Trinity Industries, Inc.","April 28, 2015",M TRON INDUSTRIES,reject,,"different firm, or firm not in the 9-industry universe"
105734,Natural Health Trends Corp.,"January 12, 2016",NATURAL HEALTH FARM,reject,,"different firm, or firm not in the 9-industry universe"
106996,"Worldpay, Inc.","April 30, 2019",WORKDAY,reject,,"different firm, or firm not in the 9-industry universe"
107054,Entegra Financial Corp.,"June 20, 2019",NFE FINANCIAL,reject,,"different firm, or firm not in the 9-industry universe"
106465,Aradigm Corporation,"January 11, 2018",VERADIGM,reject,,"different firm, or firm not in the 9-industry universe"
106249,Arconic Inc.,"July 13, 2017",HARMONIC,reject,,"different firm, or firm not in the 9-industry universe"
106174,"AmTrust Financial Services, Inc.","March 01, 2017",FIRST CASH FINANCIAL SERVICES,reject,,"different firm, or firm not in the 9-industry universe"
105068,"Cash Store Financial Services, Inc.","May 20, 2013",FIRST CASH FINANCIAL SERVICES,reject,,"different firm, or firm not in the 9-industry universe"
105193,"Weight Watchers International, Inc.","March 21, 2014",WONHE HIGH TECH INTERNATIONAL,reject,,"different firm, or firm not in the 9-industry universe"
106937,"Weight Watchers International, Inc.","March 04, 2019",WONHE HIGH TECH INTERNATIONAL,reject,,"different firm, or firm not in the 9-industry universe"
106001,"Universal Health Services, Inc.","December 23, 2016",VENTANA HEALTH SERVICES,reject,,"different firm, or firm not in the 9-industry universe"
106679,"Diamond Resorts International, Inc.","July 23, 2018",SKY RESORT INTERNATIONAL,reject,,"different firm, or firm not in the 9-industry universe"
106634,"Diamond Resorts International, Inc.","February 09, 2018",SKY RESORT INTERNATIONAL,reject,,"different firm, or firm not in the 9-industry universe"
108453,"Renewable Innovations, Inc.","September 27, 2024",TREND INNOVATIONS,reject,,"different firm, or firm not in the 9-industry universe"
104469,Boston Scientific Corporation,"April 09, 2010",START SCIENTIFIC,reject,,"different firm, or firm not in the 9-industry universe"
107126,"Condor Hospitality Trust, Inc.","August 20, 2019",RCI HOSPITALITY,reject,,"different firm, or firm not in the 9-industry universe"
107586,Boston Scientific Corporation,"December 04, 2020",START SCIENTIFIC,reject,,"different firm, or firm not in the 9-industry universe"
106427,MGC Diagnostics Corporation,"December 12, 2017",CARDIO DIAGNOSTICS,reject,,"different firm, or firm not in the 9-industry universe"
106993,Boston Scientific Corporation,"April 24, 2019",START SCIENTIFIC,reject,,"different firm, or firm not in the 9-industry universe"
106086,Universal American Corp.,"January 27, 2017",UNITED AMERICAN,reject,,"different firm, or firm not in the 9-industry universe"
105052,ATP Oil & Gas Corporation,"May 24, 2013",XTREME OIL AND GAS,reject,,"different firm, or firm not in the 9-industry universe"
107532,"Cardone Capital, LLC","September 16, 2020",SAXON CAPITAL,reject,,"different firm, or firm not in the 9-industry universe"
108321,"Focus Financial Partners, Inc.","December 26, 2023",NFE FINANCIAL,reject,,"different firm, or firm not in the 9-industry universe"
104900,"Orrstown Financial Services, Inc.","May 25, 2012",FIRST CASH FINANCIAL SERVICES,reject,,"different firm, or firm not in the 9-industry universe"
106135,Lumos Networks Corp.,"April 04, 2017",SONUS NETWORKS,reject,,"different firm, or firm not in the 9-industry universe"
105263,Ocwen Financial Corporation,"August 12, 2014",NFE FINANCIAL,reject,,"different firm, or firm not in the 9-industry universe"
105236,China Ceramics Co. Ltd.,"June 06, 2014",CHINA CRAWFISH,reject,,"different firm, or firm not in the 9-industry universe"
108351,"Compass Minerals International, Inc.","April 24, 2024",CASH AMERICA INTERNATIONAL,reject,,"different firm, or firm not in the 9-industry universe"
108463,"Acadia Healthcare Company, Inc.","October 16, 2024",IHEALTHCARE,reject,,"different firm, or firm not in the 9-industry universe"
108215,Discover Financial Services,"September 01, 2023",FIRST CASH FINANCIAL SERVICES,reject,,"different firm, or firm not in the 9-industry universe"
106544,"Acadia Healthcare Company, Inc.","March 14, 2018",IHEALTHCARE,reject,,"different firm, or firm not in the 9-industry universe"
106590,"Molina Healthcare, Inc.","April 27, 2018",IHEALTHCARE,reject,,"different firm, or firm not in the 9-industry universe"
106146,Ocwen Financial Corporation,"April 21, 2017",NFE FINANCIAL,reject,,"different firm, or firm not in the 9-industry universe"
108024,"Compass Minerals International, Inc.","October 21, 2022",CASH AMERICA INTERNATIONAL,reject,,"different firm, or firm not in the 9-industry universe"
104452,UBS Financial Services Inc.,"March 04, 2010",FIRST CASH FINANCIAL SERVICES,reject,,"different firm, or firm not in the 9-industry universe"
106123,"Tempur Sealy International, Inc.","March 24, 2017",FUTURE INTERNATIONAL,reject,,"different firm, or firm not in the 9-industry universe"
104953,Rex Venture Group LLC,"August 24, 2012",ZEV VENTURES,reject,,"different firm, or firm not in the 9-industry universe"
104917,"Tempur-Pedic International, Inc.","June 20, 2012",MEDINA INTERNATIONAL,reject,,"different firm, or firm not in the 9-industry universe"
106442,Philip Morris International Inc.,"December 21, 2017",ARRIS INTERNATIONAL,reject,,"different firm, or firm not in the 9-industry universe"
106723,Philip Morris International Inc.,"September 05, 2018",ARRIS INTERNATIONAL,reject,,"different firm, or firm not in the 9-industry universe"
106456,Acuity Brands Inc.,"January 03, 2018",CST BRANDS,reject,,"different firm, or firm not in the 9-industry universe"
107776,"Bowl America, Inc.","August 04, 2021",H2O AMERICA,reject,,"different firm, or firm not in the 9-industry universe"
107961,"Waste Management, Inc.","June 09, 2022",NATIONAL WASTE MANAGEMENT,reject,,"different firm, or firm not in the 9-industry universe"
